"FPN","lat","long","provider_name","SCORE_K","DTC_K","NUM_DEF_K","NUM_INSP_K","NUM_COMPL_K","SCORE_E","DTC_E","NUM_DEF_E","NUM_INSP_E","NUM_COMPL_E","K_DEF_IND","E_DEF_IND"
"495002",37.233942,-79.9729052,"SOUTH ROANOKE NURSING AND REHABILITATION",18.2222222222222,28.2222222222222,9,3,0,5.33333333333333,44.75,12,3,0,49.4444444444444,54.0833333333333
"495011",38.7349122,-77.0590098,"PROMEDICA SKILLED NURSING AND REHAB (ALEXANDRIA)",7.29411764705882,55.4705882352941,17,3,0,0,45,2,3,0,68.4313725490196,45.6666666666667
"495013",37.2801597,-80.1264926,"RICHFIELD: HEALTH CENTER - SALEM",14.8,75.35,20,2,0,0,0,0,0,0,100.15,0
"495015",36.6209283,-79.3827201,"ROMAN EAGLE REHABILITATION AND HEALTH CARE CENTER",17.6470588235294,44,17,2,0,0,0,0,0,0,70.1470588235294,0
"495019",38.8162249,-77.0719611,"WOODBINE REHABILITATION & HEALTHCARE CENTER",10.4,92.9333333333333,15,3,0,0,0,0,0,0,108.333333333333,0
"495034",37.7808777,-79.459841,"KENDAL  AT LEXINGTON",12,31,2,3,0,0,0,0,0,0,43.6666666666667,0
"495038",38.7714104,-77.5005331,"MANASSAS HEALTH AND REHAB CENTER",0,0,0,0,0,0,0,0,0,0,0,0
"495045",37.6154708,-77.4722138,"PROMEDICA SKILLED NURSING AND REHAB (RICHMOND)",5.2,72.65,20,2,0,0,30,1,2,0,87.85,30.5
"495046",37.3514019,-79.5175735,"OAKWOOD HEALTH AND REHAB CENTER",20,113.25,4,2,0,0,0,0,0,0,135.25,0
"495057",38.8372538,-77.1043783,"GOODWIN HOUSE ALEXANDRIA",9.64705882352941,55.2352941176471,17,3,0,0,0,0,0,0,70.5490196078431,0
"495068",36.8654723,-76.3017158,"SIGNATURE HEALTHCARE OF NORFOLK",4,47,2,2,0,0,26,12,2,0,52,32
"495071",37.1469752,-76.5074528,"THE GARDENS AT WARWICK FOREST",0,42,2,2,0,0,44,2,2,0,43,45
"495077",37.4126168,-79.1758838,"PROMEDICA SKILLED NURSING AND REHAB (LYNCHBURG)",4.30769230769231,43,13,3,0,0,0,0,0,0,51.6410256410256,0
"495079",37.3842377,-77.5073957,"HEALTH CARE CENTER LUCY CORR",6.2,54.25,20,2,0,0,0,0,0,0,70.45,0
"495085",37.3075884,-77.2888621,"RIVER VIEW ON THE APPOMATTOX HEALTH & REHAB CENTER",13,299,4,2,0,0,0,0,0,0,314,0
"495086",36.8681065,-76.0294435,"BAY POINTE REHABILITATION AND NURSING",5.14285714285714,35.7142857142857,7,2,0,0,0,0,0,0,44.3571428571429,0
"495087",37.2777275,-80.0219709,"SALEM HEALTH & REHABILITATION",17.5238095238095,58.0476190476191,21,2,0,0,0,0,0,0,86.0714285714286,0
"495092",37.3221986,-79.9435436,"FRIENDSHIP HEALTH AND REHAB CENTER",16.2857142857143,45,14,2,0,0,0,0,0,0,68.2857142857143,0
"495093",38.438652,-78.8565777,"HARRISONBURG HLTH & REHAB CNTR",4.52173913043478,37.4347826086956,23,3,0,8,33,1,3,0,49.6231884057971,41.3333333333333
"495096",37.5975427,-77.4618146,"WESTMINSTER-CANTERBURY OF RICHMOND",6.36363636363636,64.5454545454545,22,2,0,0,0,0,0,0,81.9090909090909,0
"495097",37.6394048,-77.4934091,"PARHAM HEALTH CARE & REHAB CEN",4.57142857142857,41,14,1,0,0,0,0,0,0,59.5714285714286,0
"495099",38.8483715,-77.3158847,"FAIRFAX REHABILITATION AND NURSING CENTER",6,181,8,2,0,0,0,0,0,0,191,0
"495102",38.8601875,-77.1295057,"PROMEDICA SKILLED NURSING AND REHAB (ARLINGTON)",7.42857142857143,57.7142857142857,14,2,0,0,0,0,0,0,72.1428571428571,0
"495105",37.3682936,-79.1813942,"LYNCHBURG HEALTH & REHABILITATION  CENTER",14.3333333333333,59.1666666666667,12,3,1,14,113,2,3,1,78.5,128.666666666667
"495107",36.6050402,-79.4106476,"PINEY FOREST HEALTH AND REHABILITATION CENTER",14.6666666666667,49,3,1,0,0,0,0,0,0,66.6666666666667,0
"495108",36.7438135,-76.2473688,"CHESAPEAKE HEALTH AND REHABILITATION CENTER",4,55,4,2,0,0,44,9,2,0,61,48.5
"495109",37.6280934,-77.5707413,"THE LAURELS OF UNIVERSITY PARK",7.73333333333333,54.6,15,3,0,0,44,2,3,0,67.3333333333333,44.6666666666667
"495112",37.402664,-79.1418005,"GUGGENHEIMER HEALTH AND REHAB CENTER",13.4545454545455,46.0909090909091,11,2,0,0,0,0,0,0,65.0454545454545,0
"495113",37.2159112,-77.450127,"HIRAM W DAVIS MEDICAL CTR",4.57142857142857,147.857142857143,7,2,0,0,0,0,0,0,155.928571428571,0
"495114",38.8583491,-77.057121,"REGENCY CARE OF ARLINGTON, LLC",5.77777777777778,37.4444444444444,9,2,0,0,0,0,0,0,47.7222222222222,0
"495115",37.2645177,-77.398874,"COLONIAL HEIGHTS REHABILITATION AND NURSING CENTER",7.2,70,5,1,0,0,0,0,0,0,82.2,0
"495117",36.8669264,-76.2062659,"LAKE TAYLOR HOSP",4,50,2,2,0,0,45,8,2,0,55,49
"495118",36.9940323,-79.9028606,"ROCKY MOUNT HEALTH & REHAB CENTER",20,74.5555555555556,27,2,0,0,0,0,0,0,108.055555555556,0
"495120",37.450515,-79.191268,"WESTMINSTER-CANTERBURY OF LYNCHBURG INC",6.66666666666667,49.6666666666667,9,3,0,0,0,0,0,0,59.3333333333333,0
"495121",38.8957466,-77.1059967,"CHERRYDALE HEALTH AND REHABILITATION CENTER",4,33.75,4,2,0,0,0,0,0,0,39.75,0
"495123",37.2643466,-77.3249492,"WONDER CITY REHABILITATION AND NURSING CENTER",4,29,2,2,0,0,0,0,0,0,34,0
"495126",36.6577872,-80.9291117,"WADDELL NURSING AND REHAB CENTER",10.8571428571429,58.6428571428571,14,3,0,0,0,0,0,0,74.1666666666667,0
"495127",36.9109468,-76.0799365,"WESTMINSTER-CANTERBURY ON CHESAPEAKE BAY",0,0,0,0,0,0,0,0,0,0,0,0
"495131",36.5961909,-82.218724,"NHC HEALTHCARE, BRISTOL",15,290.25,4,2,0,0,0,0,0,0,307.25,0
"495133",36.8029975,-81.6756611,"VALLEY REHABILITATION AND NURSING CENTER",12.6153846153846,52.6923076923077,13,3,0,0,0,0,0,0,69.6410256410256,0
"495134",36.7189846,-82.795995,"RIDGECREST MANOR NURSING & REHABILITATION",0,0,0,0,0,0,0,0,0,0,0,0
"495135",36.8760845,-82.7524975,"HERITAGE HALL BIG STONE GAP",8,49,7,3,0,0,0,0,0,0,59.3333333333333,0
"495139",38.6478424,-78.6637146,"LIFE CARE CENTER OF NEW MARKET",4.33333333333333,52,12,3,0,0,37.5,4,3,0,60.3333333333333,38.8333333333333
"495140",39.1471788,-77.9797091,"ROSE HILL HEALTH AND REHAB",4.4,39.6,10,3,0,0,29,2,3,0,47.3333333333333,29.6666666666667
"495141",37.816061,-79.8045904,"ALLEGHANY HEALTH AND REHAB",17.0909090909091,38.1818181818182,11,3,0,0,0,0,0,0,58.9393939393939,0
"495142",39.1721585,-78.1634797,"EVERGREEN HEALTH AND REHAB",5,26.4375,16,2,0,0,42,15,2,0,39.4375,49.5
"495143",36.670158,-79.8400299,"MARTINSVILLE HEALTH AND REHAB",18.6666666666667,45.5,12,2,0,0,0,0,0,0,70.1666666666667,0
"495144",37.2074924,-77.3818773,"PETERSBURG HEALTHCARE CENTER",0,0,0,0,0,0,0,0,0,0,0,0
"495146",38.4358653,-78.8855446,"CHOICE HEALTHCARE AT HARRISONBURG",4.21052631578947,27.6842105263158,19,3,0,0,0,0,0,0,38.2280701754386,0
"495147",38.0682442,-78.9267911,"CHOICE HEALTHCARE AT WAYNESBORO",20,34.5714285714286,7,3,0,0,0,0,0,0,56.9047619047619,0
"495149",36.8375748,-76.3094068,"PORTSMOUTH HEALTH AND REHAB",5.71428571428571,36.5714285714286,7,2,0,0,30,1,2,0,45.7857142857143,30.5
"495150",36.8418015,-76.1081088,"BIRCHWOOD PARK REHABILITATION",5.6,38.6,5,3,0,0,37,18,3,0,45.8666666666667,43
"495151",37.4129712,-79.1824081,"CHOICE HEALTHCARE AT LYNCHBURG",17.3333333333333,48,12,3,0,0,0,0,0,0,69.3333333333333,0
"495152",37.1234116,-81.4911403,"HERITAGE HALL TAZEWELL",20,30,1,2,0,0,0,0,0,0,50.5,0
"495153",38.0569121,-78.4996313,"CEDARS HEALTHCARE CENTER",13.8181818181818,43,11,3,0,0,0,0,0,0,60.4848484848485,0
"495155",38.8371362,-77.1753867,"ANNANDALE  HEALTHCARE CENTER",11.4285714285714,57,14,2,0,0,34,10,2,0,75.4285714285714,39
"495156",37.2591593,-79.9482555,"CHOICE HEALTHCARE AT ROANOKE",15.4285714285714,79.7619047619048,21,3,0,0,0,0,0,0,102.190476190476,0
"495157",36.6920412,-76.9375687,"SOUTHAMPTON MEMORIAL HOSP",4,38,3,2,0,0,0,0,0,0,43.5,0
"495160",37.6753605,-76.4014375,"RAPPAHANNOCK WESTMINSTER CANTERBURY",4,15,2,3,0,0,0,0,0,0,19.6666666666667,0
"495165",39.2004119,-78.1748797,"SHENANDOAH VLY WESTMINSTER-CANTERBURY",4.44444444444444,102.555555555556,18,3,0,0,39,1,3,0,113,39.3333333333333
"495166",36.5781752,-79.4013247,"STRATFORD HEALTHCARE CENTER",20,45.5,12,3,0,0,0,0,0,0,69.5,0
"495167",36.9546968,-81.0970348,"WYTHE CNTY COMMUNITY HOSP ECU",0,0,0,0,0,0,0,0,0,0,0,0
"495168",37.7506643,-79.3513547,"SHENANDOAH VALLEY HEALTH AND REHAB",12.4,21.1,10,3,0,0,0,0,0,0,36.8333333333333,0
"495171",38.8507482,-77.1205162,"GOODWIN HOUSE BAILEY'S CROSSROADS",16.4444444444444,83,9,3,0,0,35,1,3,0,102.444444444444,35.3333333333333
"495173",36.8366959,-76.1945745,"WATERSIDE HEALTH & REHAB CENTER",12,48,10,2,0,0,45,2,2,0,65,46
"495174",38.9269836,-77.4163166,"DULLES HEALTH & REHAB CENTER",11,80.25,12,2,0,0,0,0,0,0,97.25,0
"495177",36.7340166,-78.1335044,"COMMUNITY MEMORIAL HOSPITAL HUNDLEY CENTER",14.7692307692308,45.6923076923077,13,3,0,0,0,0,0,0,64.7948717948718,0
"495178",38.0839998,-78.482165,"CHARLOTTESVILLE HEALTH & REHABILITATION CENTER",20,42,4,2,0,0,0,0,0,0,64,0
"495179",39.0232856,-77.3899499,"POTOMAC FALLS HEALTH & REHAB CENTER",6.66666666666667,62.6666666666667,6,2,0,0,0,0,0,0,72.3333333333333,0
"495181",37.0923143,-81.7782029,"CLINCH VALLEY MEDICAL CENTER",16,49.6666666666667,3,3,0,0,0,0,0,0,66.6666666666667,0
"495183",37.462058,-77.664205,"THE HAVEN AT BRANDERMILL WOODS",2.93333333333333,92.0666666666667,15,2,0,0,0,0,0,0,102.5,0
"495184",37.247009,-76.72486,"WOODHAVEN HALL AT WILLIAMSBURG LANDING",4,131,1,2,0,0,0,0,0,0,135.5,0
"495185",37.0394732,-77.0790208,"WAVERLY REHABILITATION AND HEALTHCARE CENTER",10.4,44,5,2,0,0,21,8,2,0,56.9,25
"495186",36.8067351,-76.216407,"BETH SHOLOM HOME OF EASTERN VI",6.18181818181818,97,11,2,0,0,38.6,10,2,0,108.681818181818,43.6
"495187",36.7607386,-80.7314027,"HILLSVILLE HEALTH & REHAB CENTER",0,0,0,0,0,0,0,0,0,0,0,0
"495188",37.3466006,-78.8253899,"APPOMATTOX HEALTH & REHABILITATON CENTER",13.3333333333333,69.6666666666667,9,2,0,0,0,0,0,0,87.5,0
"495189",37.1630835,-76.4606882,"REGENCY HEALTH AND REHABILITATION CENTER",8,24,4,2,0,14,39,4,2,0,34,55
"495190",37.2415538,-76.7656404,"CONSULATE HEALTHCARE OF WILLIAMSBURG",6.4,35,5,2,0,0,0,0,0,0,43.9,0
"495191",37.1781208,-81.146071,"BLAND COUNTY NURSING & REHABILITATION CENTER",13.4545454545455,62,11,3,0,0,0,0,0,0,79.1212121212121,0
"495192",36.764874,-77.8365048,"ENVOY OF LAWRENCEVILLE, LLC",5.44,101.84,25,2,0,0,0,0,0,0,119.78,0
"495193",37.5416773,-77.3102304,"HENRICO HEALTH & REHABILITATION CENTER",4.57142857142857,75,14,2,0,0,37.6666666666667,6,2,0,86.5714285714286,40.6666666666667
"495194",36.8247038,-76.3464571,"AUTUMN CARE OF PORTSMOUTH",6.76923076923077,53.3076923076923,13,2,0,0,44.4545454545455,11,2,0,66.5769230769231,49.9545454545455
"495196",37.1239186,-79.2880558,"AUTUMN CARE OF ALTAVISTA",10.6666666666667,46.9166666666667,12,3,0,0,0,0,0,0,61.5833333333333,0
"495197",38.7106857,-77.1899871,"BELVOIR WOODS HEALTH CARE CENTER AT THE FAIRFAX",6,64.6666666666667,12,3,0,0,31,2,3,0,74.6666666666667,31.6666666666667
"495199",36.7001161,-77.540946,"GREENSVILLE HEALTH AND REHABILITATION CENTER",7,73.3,20,2,0,0,0,0,0,0,90.3,0
"495200",37.2409306,-81.2441924,"WESTWOOD CENTER",5.14285714285714,46.4285714285714,7,3,0,0,0,0,0,0,53.9047619047619,0
"495201",36.7990814,-76.3647477,"PORTSIDE HEALTH & REHAB CENTER",8,77,4,2,0,0,0,0,0,0,87,0
"495202",36.9514119,-79.3732184,"GRETNA HEALTH AND REHABILITATION CENTER",20,15.6666666666667,6,3,0,0,0,0,0,0,37.6666666666667,0
"495203",38.8268388,-77.0754573,"ENVOY OF ALEXANDRIA, LLC",6.90909090909091,70,11,2,0,0,0,0,0,0,82.4090909090909,0
"495204",37.145848,-76.509433,"OLD DOMINION REHABILITATION AND NURSING",8,36,2,1,0,0,42,13,1,0,46,55
"495205",38.8894987,-77.2218787,"AUGUST HEALTHCARE AT ILIFF",4,53,2,2,0,0,0,0,0,0,58,0
"495206",36.8636972,-76.4273166,"NORTHERN CARDINAL REHABILITATION AND NURSING",9.33333333333333,47.6666666666667,12,2,0,0,59,6,2,0,63,62
"495207",36.9864914,-79.8869509,"FRANKLIN HEALTH AND REHABILITATION CENTER",11.6666666666667,78.1666666666667,12,2,0,0,0,0,0,0,95.8333333333333,0
"495209",37.2629378,-79.9784557,"RALEIGH COURT HEALTH AND REHABILITATION CENTER",10.6666666666667,46,15,2,0,0,0,0,0,0,64.1666666666667,0
"495210",36.8565415,-76.2745904,"NORFOLK HEALTH AND REHABILITATION CENTER",8.8,48.6,10,2,0,1.66666666666667,36.9166666666667,12,2,0,62.4,44.5833333333333
"495211",38.736375,-77.0778068,"MOUNT VERNON HEALTHCARE CENTER",4,89,4,2,0,0,0,0,0,0,95,0
"495213",36.8720388,-76.1329919,"BAYSIDE HEALTH & REHABILITATION CENTER",0,0,0,0,0,0,0,0,0,0,0,0
"495214",38.094358,-78.986591,"AUGUSTA MEDICAL CTR SKILLED CA",20,26,1,3,0,0,0,0,0,0,46.3333333333333,0
"495215",36.7492588,-76.2388596,"OAK GROVE HEALTH & REHAB CENTER, LLC",0,0,0,0,0,0,0,0,0,0,0,0
"495216",36.7335439,-79.9576967,"STANLEYTOWN HEALTH AND REHABILITATION CENTER",13.4117647058824,52.2352941176471,17,3,0,0,0,0,0,0,71.3137254901961,0
"495217",38.8722303,-77.3791518,"PROMEDICA SKILLED NURSING AND REHAB (FAIR OAKS)",9,51.6666666666667,12,3,0,0,0,0,0,0,64.6666666666667,0
"495218",37.5222777,-79.8796239,"BRIAN CENTER HEALTH AND REHABILITATION",13.2307692307692,38.7692307692308,13,3,0,0,0,0,0,0,56.3333333333333,0
"495220",37.9993993,-79.831587,"THE SPRINGS NURSING CENTER",14.5714285714286,55.0714285714286,14,3,0,0,29,8,3,0,74.3095238095238,31.6666666666667
"495221",37.79187,-79.8815,"THE BRIAN CENTER",20,48,3,3,0,0,0,0,0,0,69,0
"495225",38.0277011,-78.4371229,"WESTMINSTER CANTERBURY BLUE RI",20,56,16,3,0,0,0,0,0,0,81.3333333333333,0
"495226",37.0360296,-78.474859,"WAYLAND NURSING AND REHABILITATION CENTER",7.27272727272727,53.9545454545455,22,3,0,0.8,42,10,3,0,68.5606060606061,46.1333333333333
"495227",37.6058278,-77.53319,"WESTPORT REHABILITATION AND NURSING CENTER",4,21.2857142857143,7,3,0,1,35.25,4,3,0,27.6190476190476,37.5833333333333
"495230",37.7561802,-78.2653678,"ENVOY AT THE VILLAGE",13.2307692307692,41.4615384615385,13,3,1,0,27,16,3,1,60.025641025641,33.3333333333333
"495232",36.8023893,-76.1826758,"KEMPSVILLE HEALTH & REHAB CENTER",4,21,2,2,0,0,0,0,0,0,26,0
"495233",38.7146186,-77.8103703,"FAUQUIER HEALTH REHABILITATION & NURSING CENTER",5,50,16,3,0,0,0,0,0,0,60.3333333333333,0
"495234",36.8623384,-76.1706178,"CYPRESS POINTE REHABILITATION AND NURSING",4,44,1,2,1,0,42,1,2,1,49.5,43.5
"495235",37.279696,-76.722338,"ENVOY OF WILLIAMSBURG, LLC",9.71428571428571,62.4285714285714,21,3,0,2.5,45,8,3,0,79.1428571428571,50.1666666666667
"495236",37.7441017,-77.9282724,"ENVOY AT THE MEADOWS",5.09090909090909,50.6363636363636,11,3,0,0,40,6,3,0,59.3939393939394,42
"495237",36.8675662,-76.027035,"VIRGINIA BEACH HEALTHCARE AND REHAB CENTER",11.2727272727273,126.363636363636,11,2,0,0,0,0,0,0,143.136363636364,0
"495240",38.290287,-77.5254589,"FREDERICKSBURG HEALTH AND REHAB",6.82352941176471,51.5294117647059,17,3,0,0,31,2,3,0,64.0196078431373,31.6666666666667
"495241",36.8390769,-76.1184536,"THALIA GARDENS REHABILITATION AND NURSING",7.05882352941176,36.2941176470588,17,2,0,0,18,19,2,0,51.8529411764706,27.5
"495242",37.0419622,-78.9325147,"HERITAGE HALL - BROOKNEAL",11,46,4,2,0,0,42,2,2,0,59,43
"495243",38.1577289,-79.0603567,"ENVOY OF STAUNTON, LLC",20,46.25,4,2,0,0,0,0,0,0,68.25,0
"495244",38.3782434,-78.2570842,"AUTUMN CARE OF MADISON",9.77777777777778,80.8333333333333,18,3,0,0,26,1,3,0,96.6111111111111,26.3333333333333
"495246",38.3014764,-77.4512388,"WOODMONT CENTER",0,0,0,0,0,0,36,1,2,0,0,36.5
"495247",36.739006,-76.5865973,"NANS POINTE REHABILITATION AND NURSING",4,43,7,1,0,0,35,3,1,0,54,38
"495248",38.7858817,-77.2807872,"BURKE HEALTH & REHABILITATION CENTER",4,29,5,2,0,0,0,0,0,0,35.5,0
"495249",37.2797323,-78.3858669,"FARMVILLE HEALTH & REHAB CENTER",11.304347826087,46,23,3,0,4.21052631578947,36.0526315789474,19,3,0,64.9710144927536,46.5964912280702
"495250",36.6799917,-80.9112251,"GALAX HEALTH AND REHAB",14.6666666666667,53,6,2,0,0,0,0,0,0,70.6666666666667,0
"495252",37.1888637,-77.3760018,"BATTLEFIELD PARK HEALTHCARE CENTER",5.71428571428571,54.4285714285714,7,3,1,2.66666666666667,36.6666666666667,3,3,1,63.4761904761905,41.3333333333333
"495253",36.8681786,-76.2249651,"AUTUMN CARE OF NORFOLK",10,73.375,8,2,0,0,38.6666666666667,6,2,0,87.375,41.6666666666667
"495254",38.061374,-78.5144366,"COLONNADES HEALTH CARE CENTER",15.4285714285714,100,7,3,0,0,0,0,0,0,117.761904761905,0
"495255",38.6626516,-78.4731076,"SKYVIEW SPRINGS REHAB AND NURSING CENTER",4,43,15,3,0,0,34,25,3,0,52,42.3333333333333
"495256",36.741053,-76.2003348,"AUTUMN CARE OF CHESAPEAKE",20,39,2,2,0,0,0,0,0,0,60,0
"495257",37.5216408,-77.6155652,"THE LAURELS OF WILLOW CREEK",6.8,62,10,2,0,0,0,0,0,0,73.8,0
"495258",36.7659807,-76.5983508,"AUTUMN CARE OF SUFFOLK",12.1481481481481,76.037037037037,27,3,1,0,32.8333333333333,12,3,1,98.1851851851852,37.8333333333333
"495259",37.2990439,-82.0579305,"HERITAGE HALL GRUNDY",8,51,5,2,0,0,0,0,0,0,61.5,0
"495260",37.5055578,-77.5257031,"BEAUFONT HEALTH AND REHABILITATION CENTER",6.22222222222222,38,9,1,0,0,0,0,0,0,53.2222222222222,0
"495261",39.1208912,-77.5713452,"HERITAGE HALL LEESBURG",9.23076923076923,157.692307692308,13,3,0,0,0,0,0,0,171.25641025641,0
"495262",38.1025695,-78.9702732,"SHENANDOAH NURSING HOME",20,25,1,3,0,0,0,0,0,0,45.3333333333333,0
"495264",37.1295515,-76.4034492,"BAYSIDE OF POQUOSON HEALTH AND REHAB",6.5,61,8,3,0,0,48.6666666666667,9,3,0,70.1666666666667,51.6666666666667
"495266",37.6226811,-77.3426272,"HANOVER HEALTH AND REHABILITATION CENTER",3.46666666666667,74.6,15,2,0,0,45,4,2,0,85.5666666666667,47
"495267",38.7324234,-77.798753,"BROOKSIDE REHAB & NURSING CENTER",6.28571428571429,87.5714285714286,14,3,0,0,45,14,3,0,98.5238095238095,49.6666666666667
"495268",38.2649067,-76.9824427,"WESTMORELAND REHABILITATION & HEALTHCARE CENTER",6,53,4,2,0,0,0,0,0,0,61,0
"495269",38.8812752,-77.1130095,"THE JEFFERSON",4,29.1428571428571,7,3,0,0,42,1,3,0,35.4761904761905,42.3333333333333
"495270",36.8358139,-76.1029101,"ROSEMONT HEALTH & REHAB CENTER, LLC",5.33333333333333,61,3,2,0,0,41,6,2,0,67.8333333333333,44
"495272",37.6155522,-77.6368774,"CANTERBURY REHABILITATION & HEALTH CARE CENTER",13.1428571428571,63.8571428571429,7,3,0,0,41,16,3,0,79.3333333333333,46.3333333333333
"495273",36.8814356,-76.2835951,"CONSULATE HEALTH CARE OF NORFOLK",6,42,2,2,0,0,0,0,0,0,49,0
"495274",37.277894,-80.0118562,"VIRGINIA VETERANS CARE CENTER",20,14,3,2,0,0,0,0,0,0,35.5,0
"495275",39.1202722,-77.5680489,"LOUDOUN NURSING AND REHAB CNTR",6.66666666666667,31,6,2,0,0,0,0,0,0,40.6666666666667,0
"495276",37.4220664,-76.5434945,"WALTER REED NURSING & REHABILITATION CENTER",4,25,1,2,0,20,42,3,2,0,29.5,63.5
"495277",37.4714481,-75.8606577,"NASSAWADOX REHABILITATION AND NURSING",0,0,0,0,0,0,0,0,0,0,0,0
"495279",38.4593099,-78.0157036,"CULPEPER HEALTH & REHABILITATION CENTER",8,94.5,12,3,0,0,0,0,0,0,106.5,0
"495280",38.6868005,-77.2768442,"WESTMINSTER AT LAKE RIDGE",7.42857142857143,56,7,2,0,0,0,0,0,0,66.9285714285714,0
"495282",38.0204564,-78.004465,"LOUISA HEALTH & REHABILITATION CENTER",0,0,0,0,0,0,36,2,2,0,0,37
"495283",37.5879723,-77.4690518,"PROMEDICA SKILLED NURSING AND REHAB (IMPERIAL)",4.44444444444444,36,9,3,0,0,35,2,3,0,43.4444444444444,35.6666666666667
"495286",37.0342424,-76.4554953,"JAMES RIVER NURSING AND REHABILITATION CENTER",9.33333333333333,94.3333333333333,6,1,0,0,0,0,0,0,109.666666666667,0
"495287",37.0524205,-76.396148,"HAMPTON HEALTH & REHAB CENTER, LLC",8,78,4,2,0,0,0,0,0,0,88,0
"495288",38.8381786,-77.1140883,"THE FOUNTAINS AT WASHINGTON HOUSE",4,68,2,2,0,0,0,0,0,0,73,0
"495291",37.6120438,-77.6339239,"BETH SHOLOM HOME OF VIRGINIA",7.84,46.04,25,3,0,8,45,5,3,0,62.2133333333333,54.6666666666667
"495293",37.2699619,-79.8855074,"BERKSHIRE HEALTH & REHABILITATION CENTER",20,37.5454545454545,11,2,0,0,0,0,0,0,63.0454545454545,0
"495294",37.0692789,-80.7594602,"PULASKI HLTH & REHAB CNTR",14,47.1666666666667,6,2,0,0,0,0,0,0,64.1666666666667,0
"495295",36.5959819,-79.4096362,"RIVERSIDE HEALTH & REHAB CNTR",11,47.25,8,2,0,0,0,0,0,0,62.25,0
"495296",36.7082535,-77.0556368,"COURTLAND REHABILITATION AND HEALTHCARE CENTER",4,38,1,3,0,0,40,2,3,0,42.3333333333333,40.6666666666667
"495297",38.0474669,-77.3559961,"BOWLING GREEN HEALTH & REHABILITATION CENTER",9.09090909090909,27.6363636363636,11,2,0,0,0,0,0,0,42.2272727272727,0
"495299",37.6740201,-77.5215645,"ELIZABETH ADAM CRUMP HEALTH AND REHAB",10,59.9375,16,3,1,0,29.5,4,3,1,76.2708333333333,31.8333333333333
"495300",38.2761793,-77.1944349,"HERITAGE HALL KING GEORGE",4,62,5,1,0,0,0,0,0,0,71,0
"495301",38.9485516,-78.2117876,"HERITAGE HALL  FRONT ROYAL",4,146.5,8,3,0,0,0,0,0,0,153.166666666667,0
"495302",37.4082834,-79.1758397,"FOREST HEALTH & REHAB CENTER",11.1428571428571,48,14,3,0,0,0,0,0,0,63.8095238095238,0
"495303",37.5645032,-76.7995705,"THREE RIVERS HEALTH & REHAB CENTER",4,79,3,2,0,0,0,0,0,0,84.5,0
"495305",37.0492778,-76.3963741,"COLISEUM NURSING AND REHABILITATION CENTER",6,109,2,2,0,0,0,0,0,0,116,0
"495306",36.63747,-80.2600535,"BLUE RIDGE THERAPY CONNECTION",17.7142857142857,195,7,2,0,0,0,0,0,0,216.214285714286,0
"495308",37.0122814,-76.3639546,"WATERVIEW HEALTH & REHAB CENTER",4,14,2,2,0,5.71428571428571,40.7142857142857,7,2,0,19,49.9285714285714
"495309",36.8900417,-76.2551987,"NORVIEW HEIGHTS REHABILITATION AND NURSING",6.82352941176471,34.1764705882353,17,3,0,0,39,12,3,0,46.6666666666667,43
"495311",37.6550859,-77.6362602,"OUR LADY OF HOPE HEALTH CENTER",6.08,149.88,25,3,0,0,0,0,0,0,164.293333333333,0
"495312",39.0471187,-77.3763733,"JOHNSON CNTR/FALCONS LANDING",7.07692307692308,62.8461538461538,13,2,0,0,0,0,0,0,76.4230769230769,0
"495315",38.8702541,-78.5145697,"CONSULATE HEALTH CARE OF WOODSTOCK",6.47619047619048,63.1904761904762,21,3,0,0,36,1,3,0,76.6666666666667,36.3333333333333
"495316",38.9299903,-78.1981275,"WARREN MEMORIAL HOSP LYNN CARE CENTER",4,24,6,3,0,0,0,0,0,0,30,0
"495317",37.5431529,-78.4655434,"HERITAGE HALL DILLWYN",10.5,49,8,3,0,0,0,0,0,0,62.1666666666667,0
"495318",36.6981992,-78.9198516,"BERRY HILL NURSING HOME",13.5384615384615,46.3076923076923,13,3,0,0,45,10,3,0,64.1794871794872,48.3333333333333
"495319",38.8630166,-77.2649854,"THE VIRGINIAN",4,79.625,8,3,0,0,50,1,3,0,86.2916666666667,50.3333333333333
"495320",37.1580692,-82.4467598,"HERITAGE HALL CLINTWOOD",16,28,4,2,0,0,0,0,0,0,46,0
"495321",37.7749658,-79.442523,"HERITAGE HALL LEXINGTON",20,26.8,5,3,1,0,34,4,3,1,49.4666666666667,36.3333333333333
"495323",36.7203745,-80.4745841,"HERITAGE HALL - LAUREL MEADOWS",8,64.2,5,3,0,0,0,0,0,0,73.8666666666667,0
"495324",36.7878356,-75.9824326,"SEASIDE HHC @ ATLANTIC SHORE",8,52,1,2,0,0,0,0,0,0,60.5,0
"495325",37.2230005,-79.9596634,"PHEASANT RIDGE NURSING & REHAB CENTER",15.7894736842105,121.894736842105,19,3,0,0,0,0,0,0,144.017543859649,0
"495326",38.0705945,-78.4946398,"MONROE HEALTH & REHAB CENTER",16,47,6,2,0,0,0,0,0,0,66,0
"495327",37.5206394,-77.481266,"ENVOY OF WESTOVER HILLS",8.13793103448276,106.793103448276,58,3,0,0,40.25,8,3,0,134.264367816092,42.9166666666667
"495328",37.9218951,-76.8706097,"CARRINGTON PLACE OF TAPPAHANNOCK",8,23.3333333333333,6,2,0,0,0,0,0,0,34.3333333333333,0
"495330",36.7770761,-76.337181,"GREENBRIER REGIONAL MEDICAL CENTER",9,113.75,8,2,0,0,45,25,2,0,126.75,57.5
"495331",36.6177629,-81.1535161,"GRAYSON REHABILITATION  AND HEALTH CARE CENTER",0,0,0,0,0,0,0,0,0,0,0,0
"495332",36.9810474,-76.6078297,"RIVERSIDE HEALTHY LIVING COMMUNITY-SMITHFIELD",12,55.6153846153846,13,2,0,0,31,1,2,0,74.1153846153846,31.5
"495333",37.1153379,-80.6831888,"HIGHLAND RIDGE REHAB CENTER",20,69,3,3,0,0,0,0,0,0,90,0
"495334",37.7590896,-75.6229001,"SHORE HEALTH & REHAB CENTER",60.1212121212121,42.2121212121212,33,3,0,0,45,13,3,0,113.333333333333,49.3333333333333
"495336",38.0930549,-78.9939504,"AUGUSTA NURSING & REHAB CENTER",20,44,4,3,0,0,0,0,0,0,65.3333333333333,0
"495337",38.8126368,-77.19147,"AUGUST HEALTHCARE AT LEEWOOD",13.3333333333333,61,9,2,0,0,0,0,0,0,78.8333333333333,0
"495338",36.7206071,-81.9608544,"CHOICE HEALTHCARE AT ABINGDON",20,52,3,2,0,0,0,0,0,0,73.5,0
"495339",37.3074353,-78.4212785,"HOLLY MANOR NURSING HOME",10.9473684210526,51.6315789473684,19,3,0,0,45,12,3,0,68.9122807017544,49
"495340",37.104087,-76.507581,"NEWPORT NEWS NURSING & REHAB",5,54.25,4,2,0,0,0,0,0,0,61.25,0
"495342",37.1946409,-76.4881903,"YORK NURSING & REHABILITATION  CENTER",9.33333333333333,48,3,2,0,0,0,0,0,0,58.8333333333333,0
"495343",38.2917679,-78.4378472,"CHOICE HEALTHCARE AT GREENE COUNTY",4,17.2857142857143,7,3,0,0,18,3,3,0,23.6190476190476,19
"495344",38.1616863,-79.0699342,"KINGS DAUGHTERS COMMUNITY HEALTH & REHAB",12,21,4,3,0,0,0,0,0,0,34.3333333333333,0
"495345",37.7145183,-76.383353,"LANCASHIRE NURSING & REHABILITATION CENTER",0,0,0,0,0,0,0,0,0,0,0,0
"495347",36.8198944,-76.7483962,"CONSULATE HEALTH CARE OF WINDSOR",9.23076923076923,42.4615384615385,13,2,0,0,40,2,2,0,58.1923076923077,41
"495348",36.9199817,-80.2992423,"SKYLINE NURSING & REHABILITATION CENTER",0,0,0,0,0,0,0,0,0,0,0,0
"495349",36.9658371,-81.087452,"CARRINGTON PLACE AT WYTHEVILLE - BIRDMONT CENTER",14.4,38.8,5,2,0,0,0,0,0,0,55.7,0
"495350",36.9675523,-82.5585264,"HERITAGE HALL WISE",9,66,4,3,0,0,0,0,0,0,76.3333333333333,0
"495352",36.7503649,-83.0500971,"LEE HEALTH AND REHAB CENTER",20,24,2,2,0,0,0,0,0,0,45,0
"495353",37.0710059,-78.003573,"HERITAGE HALL BLACKSTONE",9.6,56,5,3,0,0,0,0,0,0,67.2666666666667,0
"495354",38.7660418,-77.2010382,"GREENSPRING VILLAGE",5.6,56.3,10,3,0,20,41,2,3,0,65.2333333333333,61.6666666666667
"495355",37.1287521,-80.5692427,"RADFORD HEALTH AND REHAB CENTER",0,0,0,0,0,0,0,0,0,0,0,0
"495356",37.1873278,-80.4081423,"HERITAGE HALL BLACKSBURG",0,0,0,0,0,5.33333333333333,123,3,2,0,0,129.833333333333
"495357",37.2782924,-79.9412254,"OUR LADY OF THE VALLEY",13,44.8,20,3,0,0,40,6,3,0,64.4666666666667,42
"495358",37.3365134,-77.9847946,"AMELIA REHABILITATION AND HEALTHCARE CENTER",12.6666666666667,67.1666666666667,6,3,0,0,45,19,3,0,81.8333333333333,51.3333333333333
"495359",38.2546278,-78.1176893,"DOGWOOD VILLAGE OF ORANGE COUNTY HEALTH AND REHAB",4.75,53.5,16,3,0,0,0,0,0,0,63.5833333333333,0
"495360",37.8199448,-79.8143096,"THE WOODLANDS HEALTH AND REHAB CENTER",13.6,30.8,10,3,0,0,0,0,0,0,47.7333333333333,0
"495361",38.6291872,-77.2752902,"ENVOY OF WOODBRIDGE, LLC",7.63636363636364,72.3636363636364,11,2,0,0,0,0,0,0,85.5,0
"495362",37.7677133,-77.4953806,"ASHLAND NURSING AND REHABILITATION",5.81818181818182,36.9090909090909,11,2,0,0,0,0,0,0,48.2272727272727,0
"495363",37.5790334,-79.0378996,"FAIRMONT CROSSING HEALTH AND REHAB CENTER",20,174,1,2,0,0,0,0,0,0,194.5,0
"495364",37.961846,-76.7744995,"NORTHERN NECK SENIOR CARE COMMUNITY",0,0,0,0,0,0,0,0,0,0,0,0
"495365",36.9039921,-82.0580444,"MAPLE GROVE HEALTH CARE CENTER",8,33,1,2,0,0,0,0,0,0,41.5,0
"495366",36.7877409,-76.6191584,"LAKE PRINCE WOODS, INC",6,19,2,2,0,0,0,0,0,0,26,0
"495367",37.0445028,-76.4328534,"NORTHAMPTON NURSING AND REHABILITATION CENTER",4,89,3,2,0,20,42,2,2,0,94.5,63
"495368",37.0495204,-76.4759871,"THE NEWPORT NURSING AND REHABILITATION CENTER",0,0,0,0,0,0,0,0,0,0,0,0
"495369",37.2558092,-76.8083012,"THE CONVALESCENT CENTER AT PATRIOTS COLONY",6.66666666666667,47,6,3,0,0,0,0,0,0,55.6666666666667,0
"495370",38.3823867,-78.9700965,"BRIDGEWATER HOME , INC.",4,69.1428571428571,21,3,0,0,0,0,0,0,80.1428571428571,0
"495371",37.387595,-80.827312,"HERITAGE HALL-RICH CREEK",0,0,0,0,0,0,0,0,0,0,0,0
"495372",36.7338101,-78.9225037,"SOUTH BOSTON HEALTH & REHAB CENTER",10.6666666666667,45,9,3,0,0,0,0,0,0,58.6666666666667,0
"495373",37.2644521,-80.0137962,"BRANDON OAKS NURSING AND REHABILITATION CENTER",13.5,107.541666666667,24,3,0,0,0,0,0,0,129.041666666667,0
"495374",36.9444704,-82.6254681,"MOUNTAIN VIEW REGIONAL MEDICAL CENTER",8.8,26,5,2,0,0,0,0,0,0,37.3,0
"495375",36.6996704,-77.5375346,"EMPORIA REHABILITATION AND HEALTHCARE CENTER",7.33333333333333,51.5,12,2,0,4,41,25,2,0,64.8333333333333,57.5
"495377",38.06897,-78.48225,"THE LAURELS OF CHARLOTTESVILLE",20,97.125,8,2,0,0,0,0,0,0,121.125,0
"495378",37.2983614,-79.8896191,"SPRINGTREE HEALTHCARE & REHAB CENTER",14.1818181818182,27.5454545454545,11,2,0,0,0,0,0,0,47.2272727272727,0
"495379",36.6225625,-78.5776625,"CLARKSVILLE HEALTH & REHAB CENTER",10.3333333333333,52.1666666666667,12,2,0,4,41,1,2,0,68.5,45.5
"495380",36.8176155,-78.4704435,"CHASE CITY HEALTH AND REHAB CENTER",8.57142857142857,40.2857142857143,7,3,0,0,0,0,0,0,51.1904761904762,0
"495381",37.3555429,-79.2415467,"SUMMIT HEALTH AND REHAB CENTER",13.5,42.25,8,2,0,0,0,0,0,0,59.75,0
"495383",37.4154495,-76.5262879,"FRANCIS N SANDERS NURSING HOME, INC",4,63,10,3,0,0,0,0,0,0,70.3333333333333,0
"495384",36.8530156,-81.505892,"FRANCIS MARION MANOR HEALTH & REHABILITATION",10,58.5,10,3,0,0,0,0,0,0,71.8333333333333,0
"495385",38.4745479,-78.872857,"VMRC, COMPLETE LIVING CARE",4.85714285714286,57.1785714285714,28,2,0,0,0,0,0,0,76.0357142857143,0
"495386",37.3928,-79.9126673,"CARRINGTON PLACE AT BOTETOURT COMMONS",15.4,43.2,20,3,0,0,43.5,6,3,0,65.2666666666667,45.5
"495387",38.3978914,-78.8346367,"SUNNYSIDE PRESBYTERIAN RETIREMENT COMMUNITY",4.42105263157895,32.8421052631579,19,3,0,0,0,0,0,0,43.5964912280702,0
"495388",38.8039587,-77.6053246,"GAINESVILLE HEALTH AND REHAB CENTER",4,73,1,3,0,0,0,0,0,0,77.3333333333333,0
"495389",39.206185,-78.1667306,"ENVOY OF WINCHESTER, LLC",4,101.533333333333,15,3,0,0,35,2,3,0,110.533333333333,35.6666666666667
"495390",38.765055,-77.4534351,"BIRMINGHAM GREEN",4,40.2727272727273,11,2,0,0,45,2,2,0,49.7727272727273,46
"495391",37.5883779,-77.5043727,"GLENBURNIE REHAB & NURSING CENTER",4.8,24.9333333333333,15,3,0,0,45,5,3,0,34.7333333333333,46.6666666666667
"495392",36.8679154,-76.0235058,"COLONIAL HEALTH & REHAB CENTER, LLC",4,18,2,3,0,0,42,9,3,0,22.6666666666667,45
"495393",37.4930705,-77.4677957,"SITTER AND BARFOOT VETERANS CARE CENTER",0,0,0,0,0,0,0,0,0,0,0,0
"495394",37.4967545,-77.5636435,"THE LAURELS OF BON AIR",6.61538461538461,50.3076923076923,26,3,0,0,42,1,3,0,65.5897435897436,42.3333333333333
"495395",36.8595136,-76.3011154,"HARBOR'S EDGE",8.92307692307692,79.3846153846154,13,2,0,0,0,0,0,0,94.8076923076923,0
"495396",38.2877017,-77.5457307,"CARRIAGE HILL HEALTH AND REHAB CENTER",7.63636363636364,38.6818181818182,22,3,0,0,0,0,0,0,53.6515151515151,0
"495397",37.0925834,-76.4525127,"THE CHESAPEAKE",4,125,2,3,0,4.8,43.6,5,3,0,129.666666666667,50.0666666666667
"495398",37.183783,-77.4845132,"DINWIDDIE HEALTH AND REHAB CENTER",5.33333333333333,183.083333333333,12,3,0,0,0,0,0,0,192.416666666667,0
"495399",36.8084388,-79.3950105,"CHATHAM HEALTH & REHABILITATION CENTER",15.6,34.2,10,2,0,0,0,0,0,0,54.8,0
"495400",38.4436986,-78.0180894,"THE CULPEPER",5,28,4,3,0,0,0,0,0,0,34.3333333333333,0
"495401",37.3540949,-77.4832377,"TYLER'S RETREAT AT IRON BRIDGE",4.44444444444444,50.0555555555556,18,3,0,0,0,0,0,0,60.5,0
"495402",37.278693,-76.7615155,"WINDSORMEADE OF WILLIAMSBURG",0,0,0,0,0,0,0,0,0,0,0,0
"495403",37.6073639,-77.6338344,"LAKEWOOD MANOR",4.4,67.9,10,2,0,0,0,0,0,0,77.3,0
"495404",37.4211223,-79.915466,"THE GLEBE",18,24,6,3,0,0,0,0,0,0,44,0
"495405",38.067292,-78.9013291,"SUMMIT SQUARE",20,77.8571428571429,7,3,0,0,0,0,0,0,100.190476190476,0
"495406",37.1964213,-80.4236981,"THE WYBE AND MARIETJE KROONTJE HEALTH CARE CENTER",0,0,0,0,0,0,0,0,0,0,0,0
"495407",38.3664428,-77.507567,"FALLS RUN NURSING AND REHAB CENTER",10.4,21,5,3,0,0,27,3,3,0,33.0666666666667,28
"495408",36.7315041,-79.8882659,"KING'S GRANT RETIREMENT COMMUN",17.5652173913043,39.1739130434783,23,3,0,0,0,0,0,0,64.4057971014493,0
"495409",36.7254355,-81.9045949,"ABINGDON HEALTH CARE LLC",10,51,6,2,0,0,0,0,0,0,64,0
"495410",38.9195146,-77.1538639,"ARLEIGH BURKE PAVILION",6.28571428571429,31.4285714285714,7,3,0,0,0,0,0,0,40.047619047619,0
"495411",37.3364416,-79.1760001,"LIBERTY RIDGE HEALTH & REHAB",14.1176470588235,50,17,3,0,0,0,0,0,0,69.7843137254902,0
"495412",36.6157137,-82.564471,"NOVA HEALTH AND REHAB",4,32,5,2,0,0,0,0,0,0,38.5,0
"495413",37.6404861,-77.3562204,"AUTUMN CARE OF MECHANICSVILLE",4.5,21.25,8,3,0,0,32,1,3,0,28.4166666666667,32.3333333333333
"495415",39.2010056,-78.210997,"THE VILLAGE AT ORCHARD RIDGE",4.44444444444444,68.8888888888889,9,3,0,0,45,3,3,0,76.3333333333333,46
"495416",39.0309811,-77.4522932,"ASHBY PONDS INC",9.33333333333333,55.6666666666667,9,3,0,0,0,0,0,0,68,0
"495417",36.9007715,-81.2741348,"RURAL RETREAT CARE CENTER",12.2857142857143,50.7857142857143,14,2,0,0,0,0,0,0,70.0714285714286,0
"495418",36.7710989,-76.0881386,"PRINCESS ANNE HEALTH & REHABILITATION CENTER",0,0,0,0,0,0,45,2,2,0,0,46
"495419",37.62429,-77.345005,"COVENANT WOODS NURSING HOME",6.875,57.75,32,3,0,0,50,5,3,0,75.2916666666667,51.6666666666667
"495420",37.9964833,-78.4971923,"ALBEMARLE HEALTH & REHABILITATION CENTER",17,30.75,4,3,0,0,0,0,0,0,49.0833333333333,0
"495421",37.2055746,-79.9913879,"FRIENDSHIP HEALTH AND REHAB CENTER - SOUTH",14.9090909090909,28,11,2,0,0,0,0,0,0,48.4090909090909,0
"495422",37.6087625,-76.5078612,"DOCKSIDE HEALTH & REHAB CENTER",4,33,2,3,0,0,0,0,0,0,37.6666666666667,0
"495423",37.5383215,-77.5305711,"BONVIEW REHABILITATION AND HEALTHCARE",4.66666666666667,56.2222222222222,18,2,0,0,0,0,0,0,69.8888888888889,0
"495424",38.7865951,-77.6313323,"LAKE MANASSAS HEALTH & REHABILITATION CENTER",10,59,10,2,0,0,0,0,0,0,74,0
"495425",36.6296327,-82.1185694,"THE REHAB CENTER AT BRISTOL",0,0,0,0,0,0,0,0,0,0,0,0
"495426",36.689811,-79.8429357,"MULBERRY CREEK NURSING AND REHAB CENTER",0,0,0,0,0,0,0,0,0,0,0,0
"49A007",38.0732699,-78.4738624,"OUR LADY OF PEACE INC",20,56.1111111111111,9,3,0,0,0,0,0,0,79.1111111111111,0
"49A022",37.5707689,-77.4508099,"VCU HEALTH CHILDREN'S SERVICES AT BROOK ROAD",6,51,4,3,0,0,0,0,0,0,58.3333333333333,0
"49E004",37.3115819,-79.5021367,"BEDFORD CO NURSING HOME",4,26.5,2,3,0,0,0,0,0,0,31.1666666666667,0
"49E050",38.3392723,-78.2064564,"MOUNTAIN VIEW NURSING HOME",0,0,0,0,0,0,43.0869565217391,23,3,0,0,50.7536231884058
"49E075",38.8635481,-78.5192742,"SKYLINE TERRACE CONV HOME",4,113.5,18,3,0,0,0,0,0,0,123.5,0
"49E076",37.2931038,-80.0594733,"SNYDER NURSING HOME",9.33333333333333,79,6,2,0,0,0,0,0,0,91.3333333333333,0
"49E084",37.5405548,-77.4713426,"THE VIRGINIA HOME",3.80952380952381,191.952380952381,21,3,0,0,0,0,0,0,202.761904761905,0
"49E131",36.8331033,-81.511123,"SW VA M H INST GERI TRT CTR",8.57142857142857,43.7142857142857,7,3,0,0,0,0,0,0,54.6190476190476,0
"49E256",36.8103394,-76.1362289,"OUR LADY OF PERPETUAL HELP",8,41.5,4,3,0,20,45,2,3,0,50.8333333333333,65.6666666666667
